{
  "job": {
    "dataset": "C:\\Users\\georg\\Documents\\Github\\DragonAssistCCAI\\modules\\DragonChild\\v11\\Exam_Score_Prediction.csv",
    "target": "exam_score",
    "epoch_count": 20,
    "max_x": [
      5,
      10,
      15,
      20,
      25
    ]
  },
  "completed_models": {
    "LinearRegression": {
      "mae": 7.776943375444248,
      "rmse": 9.687078111293324,
      "r2": 0.7406350904744438,
      "mape_pct": 14.501699441284593,
      "acc_5_pct": 24.125,
      "acc_10_pct": 47.4,
      "acc_20_pct": 77.67500000000001,
      "direction_acc_pct": 84.1,
      "precision": 0.8395245170876672,
      "recall": 0.8445440956651719,
      "f1": 0.8420268256333829,
      "tp": 1695,
      "fp": 324,
      "fn": 312,
      "tn": 1669,
      "model_name": "LinearRegression",
      "model_config": "fit_intercept=True",
      "n_train": 16000,
      "n_test": 4000,
      "n_features": 30,
      "target": "exam_score",
      "epoch_count": 1,
      "train_time_sec": 0.1484,
      "inference_time_sec": 0.037844,
      "best_epoch": "",
      "best_test_error_pct": "",
      "related_train_error_pct": "",
      "notes": ""
    },
    "KNN(k=5)": {
      "mae": 13.418315425051622,
      "rmse": 16.513326366355283,
      "r2": 0.24630654550020703,
      "mape_pct": 25.92418100784193,
      "acc_5_pct": 13.825000000000001,
      "acc_10_pct": 28.375,
      "acc_20_pct": 54.0,
      "direction_acc_pct": 66.525,
      "precision": 0.6637254901960784,
      "recall": 0.674638764324863,
      "f1": 0.6691376328144304,
      "tp": 1354,
      "fp": 686,
      "fn": 653,
      "tn": 1307,
      "model_name": "KNN(k=5)",
      "model_config": "k=5,weights=distance",
      "n_train": 16000,
      "n_test": 4000,
      "n_features": 30,
      "target": "exam_score",
      "epoch_count": 1,
      "train_time_sec": 0.0402,
      "inference_time_sec": 5.189566,
      "best_epoch": "",
      "best_test_error_pct": "",
      "related_train_error_pct": "",
      "notes": ""
    },
    "KNN(k=10)": {
      "mae": 12.306057089933413,
      "rmse": 15.139222332658413,
      "r2": 0.3665202318989361,
      "mape_pct": 24.07172029609028,
      "acc_5_pct": 15.65,
      "acc_10_pct": 31.2,
      "acc_20_pct": 57.925000000000004,
      "direction_acc_pct": 71.825,
      "precision": 0.716322517207473,
      "recall": 0.7259591429995017,
      "f1": 0.7211086364761197,
      "tp": 1457,
      "fp": 577,
      "fn": 550,
      "tn": 1416,
      "model_name": "KNN(k=10)",
      "model_config": "k=10,weights=distance",
      "n_train": 16000,
      "n_test": 4000,
      "n_features": 30,
      "target": "exam_score",
      "epoch_count": 1,
      "train_time_sec": 0.0551,
      "inference_time_sec": 0.131985,
      "best_epoch": "",
      "best_test_error_pct": "",
      "related_train_error_pct": "",
      "notes": ""
    },
    "RandomForest": {
      "mae": 8.227463604999999,
      "rmse": 10.256017022843086,
      "r2": 0.7092745301595758,
      "mape_pct": 15.399116025509745,
      "acc_5_pct": 24.4,
      "acc_10_pct": 44.800000000000004,
      "acc_20_pct": 75.625,
      "direction_acc_pct": 83.92500000000001,
      "precision": 0.8359605911330049,
      "recall": 0.8455406078724464,
      "f1": 0.8407233093881595,
      "tp": 1697,
      "fp": 333,
      "fn": 310,
      "tn": 1660,
      "model_name": "RandomForest",
      "model_config": "n_estimators=100,max_depth=None,min_samples_leaf=1",
      "n_train": 16000,
      "n_test": 4000,
      "n_features": 30,
      "target": "exam_score",
      "epoch_count": 100,
      "train_time_sec": 2.5434,
      "inference_time_sec": 0.081555,
      "best_epoch": "",
      "best_test_error_pct": "",
      "related_train_error_pct": "",
      "notes": "feature_importances available"
    },
    "XGBoost": {
      "mae": 8.016274913836847,
      "rmse": 9.99118491719401,
      "r2": 0.7240949758081543,
      "mape_pct": 14.932141225045928,
      "acc_5_pct": 23.9,
      "acc_10_pct": 45.625,
      "acc_20_pct": 76.14999999999999,
      "direction_acc_pct": 83.825,
      "precision": 0.8359683794466403,
      "recall": 0.8430493273542601,
      "f1": 0.8394939221036962,
      "tp": 1692,
      "fp": 332,
      "fn": 315,
      "tn": 1661,
      "model_name": "GradientBoosting(sklearn)",
      "model_config": "backend=sklearn_gbr,n_estimators=300,max_depth=6,lr=0.05,subsample=0.8",
      "n_train": 16000,
      "n_test": 4000,
      "n_features": 30,
      "target": "exam_score",
      "epoch_count": 300,
      "train_time_sec": 13.3757,
      "inference_time_sec": 0.069533,
      "best_epoch": "",
      "best_test_error_pct": "",
      "related_train_error_pct": "",
      "notes": "backend=sklearn_gbr"
    },
    "MLP(sklearn)": {
      "mae": 8.088251403311341,
      "rmse": 10.045224003197996,
      "r2": 0.7211023425608365,
      "mape_pct": 14.980027180321919,
      "acc_5_pct": 23.849999999999998,
      "acc_10_pct": 45.074999999999996,
      "acc_20_pct": 76.375,
      "direction_acc_pct": 83.575,
      "precision": 0.8613490364025695,
      "recall": 0.8016940707523668,
      "f1": 0.8304516129032258,
      "tp": 1609,
      "fp": 259,
      "fn": 398,
      "tn": 1734,
      "model_name": "MLP",
      "model_config": "layers=[128, 64, 32],act=relu,lr=0.001,max_iter=500,early_stopping=True",
      "n_train": 16000,
      "n_test": 4000,
      "n_features": 30,
      "target": "exam_score",
      "epoch_count": 27,
      "train_time_sec": 14.1801,
      "inference_time_sec": 0.030559,
      "best_epoch": "",
      "best_test_error_pct": "",
      "related_train_error_pct": "",
      "notes": "actual_iters=27"
    },
    "CNN": {
      "mae": 15.905732570138161,
      "rmse": 19.200038525305395,
      "r2": -0.01889590145419895,
      "mape_pct": 30.359749521338625,
      "acc_5_pct": 10.725,
      "acc_10_pct": 22.275,
      "acc_20_pct": 43.55,
      "direction_acc_pct": 49.825,
      "precision": NaN,
      "recall": 0.0,
      "f1": NaN,
      "tp": 0,
      "fp": 0,
      "fn": 2007,
      "tn": 1993,
      "model_name": "CNN",
      "model_config": "filters=8,kernel=3,conv_layers=1,dense=[64, 32],pool=2",
      "n_train": 16000,
      "n_test": 4000,
      "n_features": 30,
      "target": "exam_score",
      "epoch_count": 20,
      "train_time_sec": 3055.9973,
      "inference_time_sec": 12.726275,
      "best_epoch": 14,
      "best_test_error_pct": 30.359749521338625,
      "related_train_error_pct": 30.82673444990933,
      "notes": "pure-python backprop"
    },
    "SegmentHandler(max_x=5)": {
      "mae": 17.089251687766,
      "rmse": 20.813933857816814,
      "r2": -0.1973853914718542,
      "mape_pct": 27.60925631088139,
      "acc_5_pct": 8.875,
      "acc_10_pct": 17.599999999999998,
      "acc_20_pct": 38.175,
      "direction_acc_pct": 53.175,
      "precision": 0.6871508379888268,
      "recall": 0.12257100149476831,
      "f1": 0.2080338266384778,
      "tp": 246,
      "fp": 112,
      "fn": 1761,
      "tn": 1881,
      "model_name": "SegmentHandler",
      "model_config": "max_x=5,dim=2,conn=0.1,density=0.8",
      "n_train": 16000,
      "n_test": 4000,
      "n_features": 30,
      "target": "exam_score",
      "epoch_count": 20,
      "train_time_sec": 1795.6385,
      "inference_time_sec": 8.363898,
      "best_epoch": "20",
      "best_test_error_pct": "18.6592",
      "related_train_error_pct": "64.6304",
      "notes": "max_x=5,dim=2"
    },
    "SegmentHandler(max_x=10)": {
      "mae": 8.405627546130566,
      "rmse": 10.404290406205877,
      "r2": 0.7008076075105718,
      "mape_pct": 15.609717544190245,
      "acc_5_pct": 22.225,
      "acc_10_pct": 43.725,
      "acc_20_pct": 75.35,
      "direction_acc_pct": 83.625,
      "precision": 0.830078125,
      "recall": 0.8470353761833582,
      "f1": 0.8384710234278668,
      "tp": 1700,
      "fp": 348,
      "fn": 307,
      "tn": 1645,
      "model_name": "SegmentHandler",
      "model_config": "max_x=10,dim=2,conn=0.1,density=0.8",