{
  "job": {
    "dataset": "C:\\Users\\georg\\Documents\\Github\\DragonAssistCCAI\\modules\\DragonChild\\v10\\Exam_Score_Prediction.csv",
    "target": "exam_score",
    "epoch_count": 20,
    "max_x": [
      5,
      10,
      15,
      20,
      25
    ]
  },
  "completed_models": {
    "LinearRegression": {
      "mae": 7.777067767445432,
      "rmse": 9.687125535907533,
      "r2": 0.7406325509448268,
      "mape_pct": 14.50145003662556,
      "acc_5_pct": 24.125,
      "acc_10_pct": 47.375,
      "acc_20_pct": 77.67500000000001,
      "direction_acc_pct": 84.125,
      "precision": 0.8396039603960396,
      "recall": 0.8450423517688092,
      "f1": 0.8423143779488452,
      "tp": 1696,
      "fp": 324,
      "fn": 311,
      "tn": 1669,
      "model_name": "LinearRegression",
      "model_config": "fit_intercept=True",
      "n_train": 16000,
      "n_test": 4000,
      "n_features": 30,
      "target": "exam_score",
      "epoch_count": 1,
      "train_time_sec": 0.1402,
      "inference_time_sec": 0.019958,
      "best_epoch": "",
      "best_test_error_pct": "",
      "related_train_error_pct": "",
      "notes": ""
    },
    "KNN(k=5)": {
      "mae": 9.38814978589731,
      "rmse": 11.679952420886137,
      "r2": 0.622942344916601,
      "mape_pct": 17.688882702416635,
      "acc_5_pct": 20.45,
      "acc_10_pct": 40.5,
      "acc_20_pct": 69.625,
      "direction_acc_pct": 80.875,
      "precision": 0.8083416087388282,
      "recall": 0.8111609367214748,
      "f1": 0.8097488187018155,
      "tp": 1628,
      "fp": 386,
      "fn": 379,
      "tn": 1607,
      "model_name": "KNN(k=5)",
      "model_config": "k=5,weights=distance",
      "n_train": 16000,
      "n_test": 4000,
      "n_features": 30,
      "target": "exam_score",
      "epoch_count": 1,
      "train_time_sec": 0.0595,
      "inference_time_sec": 3.653843,
      "best_epoch": "",
      "best_test_error_pct": "",
      "related_train_error_pct": "",
      "notes": ""
    },
    "KNN(k=10)": {
      "mae": 8.983242615912802,
      "rmse": 11.140283324559444,
      "r2": 0.656981070442986,
      "mape_pct": 17.002373947714034,
      "acc_5_pct": 20.925,
      "acc_10_pct": 42.199999999999996,
      "acc_20_pct": 71.8,
      "direction_acc_pct": 81.925,
      "precision": 0.8229376257545271,
      "recall": 0.815146985550573,
      "f1": 0.8190237797246558,
      "tp": 1636,
      "fp": 352,
      "fn": 371,
      "tn": 1641,
      "model_name": "KNN(k=10)",
      "model_config": "k=10,weights=distance",
      "n_train": 16000,
      "n_test": 4000,
      "n_features": 30,
      "target": "exam_score",
      "epoch_count": 1,
      "train_time_sec": 0.0629,
      "inference_time_sec": 1.095502,
      "best_epoch": "",
      "best_test_error_pct": "",
      "related_train_error_pct": "",
      "notes": ""
    },
    "RandomForest": {
      "mae": 8.2286446575,
      "rmse": 10.25864911135353,
      "r2": 0.7091252883322698,
      "mape_pct": 15.413310650206336,
      "acc_5_pct": 24.3,
      "acc_10_pct": 44.85,
      "acc_20_pct": 75.44999999999999,
      "direction_acc_pct": 83.8,
      "precision": 0.8348940364711681,
      "recall": 0.8440458395615347,
      "f1": 0.8394449950445987,
      "tp": 1694,
      "fp": 335,
      "fn": 313,
      "tn": 1658,
      "model_name": "RandomForest",
      "model_config": "n_estimators=100,max_depth=None,min_samples_leaf=1",
      "n_train": 16000,
      "n_test": 4000,
      "n_features": 30,
      "target": "exam_score",
      "epoch_count": 100,
      "train_time_sec": 13.2704,
      "inference_time_sec": 0.240831,
      "best_epoch": "",
      "best_test_error_pct": "",
      "related_train_error_pct": "",
      "notes": "feature_importances available"
    },
    "XGBoost": {
      "mae": 8.037490350035425,
      "rmse": 10.014421987195087,
      "r2": 0.7228101072185888,
      "mape_pct": 14.974596663463029,
      "acc_5_pct": 24.349999999999998,
      "acc_10_pct": 45.725,
      "acc_20_pct": 75.775,
      "direction_acc_pct": 83.7,
      "precision": 0.8332513526807673,
      "recall": 0.8440458395615347,
      "f1": 0.8386138613861387,
      "tp": 1694,
      "fp": 339,
      "fn": 313,
      "tn": 1654,
      "model_name": "GradientBoosting(sklearn)",
      "model_config": "backend=sklearn_gbr,n_estimators=300,max_depth=6,lr=0.05,subsample=0.8",
      "n_train": 16000,
      "n_test": 4000,
      "n_features": 30,
      "target": "exam_score",
      "epoch_count": 300,
      "train_time_sec": 45.4587,
      "inference_time_sec": 0.168876,
      "best_epoch": "",
      "best_test_error_pct": "",
      "related_train_error_pct": "",
      "notes": "backend=sklearn_gbr"
    },
    "MLP(sklearn)": {
      "mae": 8.08832510390047,
      "rmse": 10.045409311538357,
      "r2": 0.7210920525884648,
      "mape_pct": 14.979816976242782,
      "acc_5_pct": 23.674999999999997,
      "acc_10_pct": 45.2,
      "acc_20_pct": 76.25,
      "direction_acc_pct": 83.525,
      "precision": 0.8612004287245445,
      "recall": 0.8006975585450922,
      "f1": 0.8298476633100956,
      "tp": 1607,
      "fp": 259,
      "fn": 400,
      "tn": 1734,
      "model_name": "MLP",
      "model_config": "layers=[128, 64, 32],act=relu,lr=0.001,max_iter=500,early_stopping=True",
      "n_train": 16000,
      "n_test": 4000,
      "n_features": 30,
      "target": "exam_score",
      "epoch_count": 27,
      "train_time_sec": 40.7649,
      "inference_time_sec": 0.02597,
      "best_epoch": "",
      "best_test_error_pct": "",
      "related_train_error_pct": "",
      "notes": "actual_iters=27"
    },
    "CNN": {
      "mae": 15.90914240758677,
      "rmse": 19.204284602048048,
      "r2": -0.019346607692633633,
      "mape_pct": 30.349713682049913,
      "acc_5_pct": 10.725,
      "acc_10_pct": 22.275,
      "acc_20_pct": 43.55,
      "direction_acc_pct": 49.825,
      "precision": NaN,
      "recall": 0.0,
      "f1": NaN,
      "tp": 0,
      "fp": 0,
      "fn": 2007,
      "tn": 1993,
      "model_name": "CNN",
      "model_config": "filters=8,kernel=3,conv_layers=1,dense=[64, 32],pool=2",
      "n_train": 16000,
      "n_test": 4000,
      "n_features": 30,
      "target": "exam_score",
      "epoch_count": 20,
      "train_time_sec": 3162.4237,
      "inference_time_sec": 7.192816,
      "best_epoch": 18,
      "best_test_error_pct": 30.349713682049913,
      "related_train_error_pct": 30.821030985984386,
      "notes": "pure-python backprop"
    },
    "SegmentHandler(max_x=5)": {
      "mae": 52.255548583333336,
      "rmse": 55.617197872588285,
      "r2": -7.549561163470882,
      "mape_pct": 81.67090781356347,
      "acc_5_pct": 0.0,
      "acc_10_pct": 0.0,
      "acc_20_pct": 0.0,
      "direction_acc_pct": 49.825,
      "precision": NaN,
      "recall": 0.0,
      "f1": NaN,
      "tp": 0,
      "fp": 0,
      "fn": 2007,
      "tn": 1993,
      "model_name": "SegmentHandler",
      "model_config": "max_x=5,dim=2,conn=0.1,density=0.8",
      "n_train": 16000,
      "n_test": 4000,
      "n_features": 30,
      "target": "exam_score",
      "epoch_count": 20,
      "train_time_sec": 1197.0082,
      "inference_time_sec": 7.224061,
      "best_epoch": "17",
      "best_test_error_pct": "40.1893",
      "related_train_error_pct": "35.3796",
      "notes": "max_x=5,dim=2"
    },
    "SegmentHandler(max_x=10)": {
      "mae": 8.21810298261694,
      "rmse": 10.654552242367389,
      "r2": 0.6862411233400351,
      "mape_pct": 13.585212092127897,
      "acc_5_pct": 23.799999999999997,
      "acc_10_pct": 45.050000000000004,
      "acc_20_pct": 76.825,
      "direction_acc_pct": 86.225,
      "precision": 0.8321167883211679,
      "recall": 0.9088191330343797,
      "f1": 0.8687782805429863,
      "tp": 1824,
      "fp": 368,
      "fn": 183,
      "tn": 1625,
      "model_name": "SegmentHandler",
      "model_config": "max_x=10,dim=2,conn=0.1,density=0.8",
      "n_train": 16000,
      "n_test": 4000,
      "n_features": 30,