{
  "job": {
    "dataset": "<DataFrame>",
    "target": "exam_score",
    "epoch_count": 20,
    "max_x": [
      5,
      10,
      15
    ]
  },
  "completed_models": {
    "LinearRegression": {
      "mae": 7.777067767445432,
      "rmse": 9.687125535907533,
      "r2": 0.7406325509448268,
      "mape_pct": 14.50145003662556,
      "acc_5_pct": 24.125,
      "acc_10_pct": 47.375,
      "acc_20_pct": 77.67500000000001,
      "direction_acc_pct": 84.125,
      "precision": 0.8396039603960396,
      "recall": 0.8450423517688092,
      "f1": 0.8423143779488452,
      "tp": 1696,
      "fp": 324,
      "fn": 311,
      "tn": 1669,
      "model_name": "LinearRegression",
      "model_config": "fit_intercept=True",
      "n_train": 16000,
      "n_test": 4000,
      "n_features": 30,
      "target": "exam_score",
      "epoch_count": 1,
      "train_time_sec": 0.2431,
      "inference_time_sec": 0.074901,
      "best_epoch": "",
      "best_test_error_pct": "",
      "related_train_error_pct": "",
      "notes": ""
    },
    "KNN(k=5)": {
      "mae": 9.38814978589731,
      "rmse": 11.679952420886137,
      "r2": 0.622942344916601,
      "mape_pct": 17.688882702416635,
      "acc_5_pct": 20.45,
      "acc_10_pct": 40.5,
      "acc_20_pct": 69.625,
      "direction_acc_pct": 80.875,
      "precision": 0.8083416087388282,
      "recall": 0.8111609367214748,
      "f1": 0.8097488187018155,
      "tp": 1628,
      "fp": 386,
      "fn": 379,
      "tn": 1607,
      "model_name": "KNN(k=5)",
      "model_config": "k=5,weights=distance",
      "n_train": 16000,
      "n_test": 4000,
      "n_features": 30,
      "target": "exam_score",
      "epoch_count": 1,
      "train_time_sec": 0.0856,
      "inference_time_sec": 8.156977,
      "best_epoch": "",
      "best_test_error_pct": "",
      "related_train_error_pct": "",
      "notes": ""
    },
    "KNN(k=10)": {
      "mae": 8.983242615912802,
      "rmse": 11.140283324559444,
      "r2": 0.656981070442986,
      "mape_pct": 17.002373947714034,
      "acc_5_pct": 20.925,
      "acc_10_pct": 42.199999999999996,
      "acc_20_pct": 71.8,
      "direction_acc_pct": 81.925,
      "precision": 0.8229376257545271,
      "recall": 0.815146985550573,
      "f1": 0.8190237797246558,
      "tp": 1636,
      "fp": 352,
      "fn": 371,
      "tn": 1641,
      "model_name": "KNN(k=10)",
      "model_config": "k=10,weights=distance",
      "n_train": 16000,
      "n_test": 4000,
      "n_features": 30,
      "target": "exam_score",
      "epoch_count": 1,
      "train_time_sec": 0.1046,
      "inference_time_sec": 0.47226,
      "best_epoch": "",
      "best_test_error_pct": "",
      "related_train_error_pct": "",
      "notes": ""
    },
    "RandomForest": {
      "mae": 8.2286446575,
      "rmse": 10.25864911135353,
      "r2": 0.7091252883322698,
      "mape_pct": 15.41331065020634,
      "acc_5_pct": 24.3,
      "acc_10_pct": 44.85,
      "acc_20_pct": 75.44999999999999,
      "direction_acc_pct": 83.8,
      "precision": 0.8348940364711681,
      "recall": 0.8440458395615347,
      "f1": 0.8394449950445987,
      "tp": 1694,
      "fp": 335,
      "fn": 313,
      "tn": 1658,
      "model_name": "RandomForest",
      "model_config": "n_estimators=100,max_depth=None,min_samples_leaf=1",
      "n_train": 16000,
      "n_test": 4000,
      "n_features": 30,
      "target": "exam_score",
      "epoch_count": 100,
      "train_time_sec": 5.906,
      "inference_time_sec": 0.153171,
      "best_epoch": "",
      "best_test_error_pct": "",
      "related_train_error_pct": "",
      "notes": "feature_importances available"
    },
    "XGBoost": {
      "mae": 8.037490350035425,
      "rmse": 10.014421987195087,
      "r2": 0.7228101072185888,
      "mape_pct": 14.974596663463029,
      "acc_5_pct": 24.349999999999998,
      "acc_10_pct": 45.725,
      "acc_20_pct": 75.775,
      "direction_acc_pct": 83.7,
      "precision": 0.8332513526807673,
      "recall": 0.8440458395615347,
      "f1": 0.8386138613861387,
      "tp": 1694,
      "fp": 339,
      "fn": 313,
      "tn": 1654,
      "model_name": "GradientBoosting(sklearn)",
      "model_config": "backend=sklearn_gbr,n_estimators=300,max_depth=6,lr=0.05,subsample=0.8",
      "n_train": 16000,
      "n_test": 4000,
      "n_features": 30,
      "target": "exam_score",
      "epoch_count": 300,
      "train_time_sec": 30.366,
      "inference_time_sec": 0.154231,
      "best_epoch": "",
      "best_test_error_pct": "",
      "related_train_error_pct": "",
      "notes": "backend=sklearn_gbr"
    },
    "MLP(sklearn)": {
      "mae": 8.08832510390047,
      "rmse": 10.045409311538357,
      "r2": 0.7210920525884648,
      "mape_pct": 14.979816976242782,
      "acc_5_pct": 23.674999999999997,
      "acc_10_pct": 45.2,
      "acc_20_pct": 76.25,
      "direction_acc_pct": 83.525,
      "precision": 0.8612004287245445,
      "recall": 0.8006975585450922,
      "f1": 0.8298476633100956,
      "tp": 1607,
      "fp": 259,
      "fn": 400,
      "tn": 1734,
      "model_name": "MLP",
      "model_config": "layers=[128, 64, 32],act=relu,lr=0.001,max_iter=500,early_stopping=True",
      "n_train": 16000,
      "n_test": 4000,
      "n_features": 30,
      "target": "exam_score",
      "epoch_count": 27,
      "train_time_sec": 26.665,
      "inference_time_sec": 0.114987,
      "best_epoch": "",
      "best_test_error_pct": "",
      "related_train_error_pct": "",
      "notes": "actual_iters=27"
    },
    "CNN": {
      "mae": 15.919801890261734,
      "rmse": 19.217734797212927,
      "r2": -0.020774956866872474,
      "mape_pct": 30.31883870851147,
      "acc_5_pct": 10.825,
      "acc_10_pct": 22.35,
      "acc_20_pct": 43.175000000000004,
      "direction_acc_pct": 49.825,
      "precision": NaN,
      "recall": 0.0,
      "f1": NaN,
      "tp": 0,
      "fp": 0,
      "fn": 2007,
      "tn": 1993,
      "model_name": "CNN",
      "model_config": "filters=8,kernel=3,conv_layers=1,dense=[64, 32],pool=2",
      "n_train": 16000,
      "n_test": 4000,
      "n_features": 30,
      "target": "exam_score",
      "epoch_count": 20,
      "train_time_sec": 2294.7212,
      "inference_time_sec": 9.476892,
      "best_epoch": 3,
      "best_test_error_pct": 30.31883870851147,
      "related_train_error_pct": 30.904842907789384,
      "notes": "pure-python backprop"
    },
    "SegmentHandler(max_x=5)": {
      "mae": 52.25179858333334,
      "rmse": 55.62091213472357,
      "r2": -7.550703125772792,
      "mape_pct": 81.64811227062795,
      "acc_5_pct": 0.0,
      "acc_10_pct": 0.0,
      "acc_20_pct": 0.0,
      "direction_acc_pct": 49.825,
      "precision": NaN,
      "recall": 0.0,
      "f1": NaN,
      "tp": 0,
      "fp": 0,
      "fn": 2007,
      "tn": 1993,
      "model_name": "SegmentHandler",
      "model_config": "max_x=5,dim=2,conn=0.1,density=0.8",
      "n_train": 16000,
      "n_test": 4000,
      "n_features": 30,
      "target": "exam_score",
      "epoch_count": 20,
      "train_time_sec": 1452.4962,
      "inference_time_sec": 5.736455,
      "best_epoch": "5",
      "best_test_error_pct": "38.0280",
      "related_train_error_pct": "44.6111",
      "notes": "max_x=5,dim=2"
    },
    "SegmentHandler(max_x=10)": {
      "mae": 8.161508519013031,
      "rmse": 10.590777520342314,
      "r2": 0.6899860012702477,
      "mape_pct": 13.434423956125386,
      "acc_5_pct": 23.724999999999998,
      "acc_10_pct": 45.9,
      "acc_20_pct": 77.125,
      "direction_acc_pct": 85.45,
      "precision": 0.8251939753537197,
      "recall": 0.9008470353761834,
      "f1": 0.861362553596951,
      "tp": 1808,
      "fp": 383,
      "fn": 199,
      "tn": 1610,
      "model_name": "SegmentHandler",
      "model_config": "max_x=10,dim=2,conn=0.1,density=0.8",
      "n_train": 16000,
      "n_test": 4000,
      "n_features": 30,
      "target": "exam_score",
      "epoch_count": 20,
      "train_time_sec": 4687.506,
      "inference_time_sec": 44.198998,